Код;Название позиции;Категория;Файл
001;Lay's Из печи сыр-зелень;Снеки;001_Lays_Из_печи_сыр-зелень.jpg
002;Lay's Из печи томаты и базилик;Снеки;002_Lays_Из_печи_томаты_и_базилик.jpg
003;Protein pot с яйцом, сыром фета и помидорами черри Азбука life;Готовая еда;003_Protein_pot_с_яйцом_сыром_фета_и_помидорами_черри_Азбука_life.png
004;Абрикосы;Фрукты;004_Абрикосы.jpg
005;Абрикосы шалах, Узбекистан;Фрукты;005_Абрикосы_шалах_Узбекистан.jpg
006;Авокадо Хасс;Овощи;006_Авокадо_Хасс.jpg
007;Авокадо Хасс Puro Gusto Ready to eat;Овощи;007_Авокадо_Хасс_Puro_Gusto_Ready_to_eat.jpg
008;Авокадо Хасс Puro Gusto крупное;Овощи;008_Авокадо_Хасс_Puro_Gusto_крупное.jpg
009;Авокадо Хасс Ready to eat Артфрут;Овощи;009_Авокадо_Хасс_Ready_to_eat_Артфрут.jpg
010;Авокадо Хасс Артфрут спелое;Овощи;010_Авокадо_Хасс_Артфрут_спелое.jpg
011;Американо S;Напитки;011_Американо_S.jpg
012;Английский маффин с беконом и яйцом Mates;Готовая еда;012_Английский_маффин_с_беконом_и_яйцом_Mates.jpg
013;Апельсины;Фрукты;013_Апельсины.jpg
014;Апельсины сладкие;Фрукты;014_Апельсины_сладкие.jpg
015;Арбуз;Фрукты;015_Арбуз.jpg
016;Арбуз бруски Из Лавки;Фрукты;016_Арбуз_бруски_Из_Лавки.jpg
017;Бабагануш с пшеничными лепёшками Chindi Kitchen;Готовая еда;017_Бабагануш_с_пшеничными_лепёшками_Chindi_Kitchen.jpg
018;Багет Из Лавки с чесночным маслом;База;018_Багет_Из_Лавки_с_чесночным_маслом.jpg
019;Баклажаны;Овощи;019_Баклажаны.jpg
020;Банан;Фрукты;020_Банан.jpg
021;Батарейка GP Super Alkaline АA;Товары для дома;021_Батарейка_GP_Super_Alkaline_АA.jpg
022;Батарейка GP Super Alkaline ААА;Товары для дома;022_Батарейка_GP_Super_Alkaline_ААА.jpg
023;Батарейки Energizer MAX AA;Товары для дома;023_Батарейки_Energizer_MAX_AA.jpg
024;Батарейки Kodak Max Super Alkaline AA;Товары для дома;024_Батарейки_Kodak_Max_Super_Alkaline_AA.jpg
025;Батарейки алкалиновые GP Ultra Alkaline ААА;Товары для дома;025_Батарейки_алкалиновые_GP_Ultra_Alkaline_ААА.jpg
026;Батон Городской буше;База;026_Батон_Городской_буше.jpg
027;Батон нарезной Из Лавки;База;027_Батон_нарезной_Из_Лавки.jpg
028;Батончик KitKat с хрустящей вафлей;Сладости;028_Батончик_KitKat_с_хрустящей_вафлей.jpg
029;Батончик Snickers лесной орех;Сладости;029_Батончик_Snickers_лесной_орех.jpg
030;Батончик Twix Xtra с карамелью и шоколадом;Сладости;030_Батончик_Twix_Xtra_с_карамелью_и_шоколадом.jpg
031;Батончик арахисовый Kick в карамельном шоколаде;Сладости;031_Батончик_арахисовый_Kick_в_карамельном_шоколаде.jpg
032;Батончик Бабаевский с помадно-сливочной начинкой;Сладости;032_Батончик_Бабаевский_с_помадно-сливочной_начинкой.jpg
033;Батончик Бабаевский с шоколадной начинкой;Сладости;033_Батончик_Бабаевский_с_шоколадной_начинкой.jpg
034;Батончик кокосовый Kick в карамельном шоколаде;Сладости;034_Батончик_кокосовый_Kick_в_карамельном_шоколаде.jpg
035;Батончик молочный KitKat с хрустящей вафлей;Сладости;035_Батончик_молочный_KitKat_с_хрустящей_вафлей.jpg
036;Батончик шоколадный Bounty;Сладости;036_Батончик_шоколадный_Bounty.jpg
037;Батончик шоколадный Bounty Trio;Сладости;037_Батончик_шоколадный_Bounty_Trio.jpg
038;Батончик шоколадный Cadbury Wispa;Сладости;038_Батончик_шоколадный_Cadbury_Wispa.jpg
039;Батончик шоколадный Mars Max;Сладости;039_Батончик_шоколадный_Mars_Max.jpg
040;Батончик шоколадный Milky Way 1+1;Сладости;040_Батончик_шоколадный_Milky_Way_11.jpg
041;Батончик шоколадный Snickers Crisper;Сладости;041_Батончик_шоколадный_Snickers_Crisper.jpg
042;Батончик шоколадный Snickers Super;Сладости;042_Батончик_шоколадный_Snickers_Super.jpg
043;Батончик шоколадный Twix;Сладости;043_Батончик_шоколадный_Twix.jpg
044;Батончик шоколадный Из Лавки с вафлей;Сладости;044_Батончик_шоколадный_Из_Лавки_с_вафлей.jpg
045;Батончики KitKat с хрустящей вафлей в молочном шоколаде;Сладости;045_Батончики_KitKat_с_хрустящей_вафлей_в_молочном_шоколаде.jpg
046;Батончики шоколадные Kitkat с хрустящей вафлей, 5 х 29 г;Сладости;046_Батончики_шоколадные_Kitkat_с_хрустящей_вафлей_5_х_29_г.jpg
047;Батончики шоколадные Snickers Minis;Сладости;047_Батончики_шоколадные_Snickers_Minis.jpg
048;Батончики шоколадные Twix Minis;Сладости;048_Батончики_шоколадные_Twix_Minis.jpg
049;Бекон сырокопчёный Велком нарезка;База;049_Бекон_сырокопчёный_Велком_нарезка.jpg
050;Битые огурцы Чихо;Готовая еда;050_Битые_огурцы_Чихо.jpg
051;Блинчики с бананом и пастой из орехов и какао Азбука вкуса;Готовая еда;051_Блинчики_с_бананом_и_пастой_из_орехов_и_какао_Азбука_вкуса.jpg
052;Блинчики с ветчиной и сыром Азбука Вкуса;Готовая еда;052_Блинчики_с_ветчиной_и_сыром_Азбука_Вкуса.jpg
053;Блинчики с курицей и грибами Азбука Вкуса;Готовая еда;053_Блинчики_с_курицей_и_грибами_Азбука_Вкуса.jpg
054;Блинчики с начинкой с манго и кокосовым кремом Азбука вкуса;Готовая еда;054_Блинчики_с_начинкой_с_манго_и_кокосовым_кремом_Азбука_вкуса.jpg
055;Блинчики с сёмгой и творожным сыром Азбука вкуса;Готовая еда;055_Блинчики_с_сёмгой_и_творожным_сыром_Азбука_вкуса.jpg
056;Блинчики с творогом Азбука Вкуса;Готовая еда;056_Блинчики_с_творогом_Азбука_Вкуса.jpg
057;Бомбейский пряный плов с курицей тандури Chindi Kitchen;Готовая еда;057_Бомбейский_пряный_плов_с_курицей_тандури_Chindi_Kitchen.jpg
058;Борщ с говядиной Азбука Вкуса;Готовая еда;058_Борщ_с_говядиной_Азбука_Вкуса.jpg
059;Борщ с курицей Из Лавки;Готовая еда;059_Борщ_с_курицей_Из_Лавки.jpg
060;Боул с цыплёнком тандури Soul in the Bowl;Готовая еда;060_Боул_с_цыплёнком_тандури_Soul_in_the_Bowl.jpg
061;Бризоль куриная Азбука вкуса;Готовая еда;061_Бризоль_куриная_Азбука_вкуса.jpg
062;Брокколи свежая;Овощи;062_Брокколи_свежая.jpg
063;Брусника Планета витаминов замороженная;Фрукты;063_Брусника_Планета_витаминов_замороженная.jpg
064;Булка бездрожжевая со злаками;База;064_Булка_бездрожжевая_со_злаками.jpg
065;Булочка с маком Братья Караваевы;Сладости;065_Булочка_с_маком_Братья_Караваевы.jpg
066;Бумага для офисной техники Комус Документ Premium А4 80 г/м2;Товары для дома;066_Бумага_для_офисной_техники_Комус_Документ_Premium_А4_80_гм2.jpg
067;Бумага силиконизированная Paterra для выпекания 38 см х 6 м;Товары для дома;067_Бумага_силиконизированная_Paterra_для_выпекания_38_см_х_6_м.jpg
068;Бумажные полотенца Zewa Премиум;Товары для дома;068_Бумажные_полотенца_Zewa_Премиум.jpg
069;Бумажные салфетки двухслойные;Товары для дома;069_Бумажные_салфетки_двухслойные.jpg
070;Вареники с картофелем и грибами Из Лавки;Готовая еда;070_Вареники_с_картофелем_и_грибами_Из_Лавки.jpg
071;Вафельная трубочка со сгущёнкой Братья Караваевы;Сладости;071_Вафельная_трубочка_со_сгущёнкой_Братья_Караваевы.jpg
072;Вафельные рулетики Яшкино сгущёнка;Сладости;072_Вафельные_рулетики_Яшкино_сгущёнка.jpg
073;Вафли гречишные Nature’s own factory с молочным шоколадом;Сладости;073_Вафли_гречишные_Natures_own_factory_с_молочным_шоколадом.jpg
074;Взбитые сливки 17% Альпенгурт Классик;Сладости;074_Взбитые_сливки_17_Альпенгурт_Классик.jpg
075;Виноград кишмиш белый;Фрукты;075_Виноград_кишмиш_белый.jpg
076;Витамин D3 2000 МЕ Solgar 60 капсул;Аптека;076_Витамин_D3_2000_МЕ_Solgar_60_капсул.jpg
077;Вода Bonaqua негазированная;Вода;077_Вода_Bonaqua_негазированная.jpg
078;Вода San Pellegrino газированная;Вода;078_Вода_San_Pellegrino_газированная.png
079;Вода Архыз Vita негазированная;Вода;079_Вода_Архыз_Vita_негазированная.jpg
080;Вода Из Лавки газированная питьевая;Вода;080_Вода_Из_Лавки_газированная_питьевая.jpg
081;Вода Калинов родник негазированная;Вода;081_Вода_Калинов_родник_негазированная.jpg
082;Вода минеральная Donat Mg газированная;Вода;082_Вода_минеральная_Donat_Mg_газированная.jpg
083;Вода минеральная Evian без газа;Вода;083_Вода_минеральная_Evian_без_газа.png
084;Вода минеральная Evian негазированная;Вода;084_Вода_минеральная_Evian_негазированная.jpg
085;Вода минеральная Perrier газированная;Вода;085_Вода_минеральная_Perrier_газированная.jpg
086;Вода минеральная Petroglyph негазированная;Вода;086_Вода_минеральная_Petroglyph_негазированная.jpg
087;Вода минеральная S.Pellegrino газированная;Вода;087_Вода_минеральная_SPellegrino_газированная.jpg
088;Вода минеральная San Benedetto негазированная;Вода;088_Вода_минеральная_San_Benedetto_негазированная.jpg
089;Вода минеральная Ессентуки №17 лечебно-столовая газированная;Вода;089_Вода_минеральная_Ессентуки_17_лечебно-столовая_газированная.jpg
090;Вода минеральная Ессентуки №4 лечебно-столовая;Вода;090_Вода_минеральная_Ессентуки_4_лечебно-столовая.png
091;Вода минеральная Ессентуки №4 лечебно-столовая газированная;Вода;091_Вода_минеральная_Ессентуки_4_лечебно-столовая_газированная.jpg
092;Вода минеральная лечебно-столовая Borjomi газированная;Вода;092_Вода_минеральная_лечебно-столовая_Borjomi_газированная.jpg
093;Вода минеральная Нарзан газированная;Вода;093_Вода_минеральная_Нарзан_газированная.jpg
094;Вода минеральная Нарзан лечебно-столовая;Вода;094_Вода_минеральная_Нарзан_лечебно-столовая.jpg
095;Вода минеральная негазированная Из Лавки природная питьевая;Вода;095_Вода_минеральная_негазированная_Из_Лавки_природная_питьевая.jpg
096;Вода минеральная Новотерская лечебно-столовая газированная;Вода;096_Вода_минеральная_Новотерская_лечебно-столовая_газированная.jpg
097;Вода минеральная Псыж лечебно-столовая газированная;Вода;097_Вода_минеральная_Псыж_лечебно-столовая_газированная.jpg
098;Вода минеральная Рычал-Су;Вода;098_Вода_минеральная_Рычал-Су.jpg
099;Вода Святой источник негазированная;Вода;099_Вода_Святой_источник_негазированная.jpg
100;Вода Шишкин лес негазированная;Вода;100_Вода_Шишкин_лес_негазированная.jpg
101;Голубика;Фрукты;101_Голубика.jpg
102;Голубика Артфрут;Фрукты;102_Голубика_Артфрут.jpg
103;Голубцы мясные тушеные в томатно-сливочном соусе Азбука Вкуса;Готовая еда;103_Голубцы_мясные_тушеные_в_томатно-сливочном_соусе_Азбука_Вкуса.jpg
104;Горошек зелёный Bonduelle замороженный;Овощи;104_Горошек_зелёный_Bonduelle_замороженный.jpg
105;Гранат, Азербайджан;Фрукты;105_Гранат_Азербайджан.jpg
106;Гранола ореховая Bionova без добавления сахара;База;106_Гранола_ореховая_Bionova_без_добавления_сахара.jpg
107;Гранола-мюсли Extra с молочным шоколадом;База;107_Гранола-мюсли_Extra_с_молочным_шоколадом.jpg
108;Гранола-мюсли Extra с орехами, фруктами и ягодами;База;108_Гранола-мюсли_Extra_с_орехами_фруктами_и_ягодами.jpg
109;Гранола-мюсли Из Лавки с орехами и яблоками;База;109_Гранола-мюсли_Из_Лавки_с_орехами_и_яблоками.jpg
110;Гранола-мюсли Из Лавки ягодная;База;110_Гранола-мюсли_Из_Лавки_ягодная.jpg
111;Грейпфрут;Фрукты;111_Грейпфрут.jpg
112;Грейпфрут дольки нарезанные Из Лавки;Фрукты;112_Грейпфрут_дольки_нарезанные_Из_Лавки.jpg
113;Грейпфрут крупный;Фрукты;113_Грейпфрут_крупный.jpg
114;Гречка отварная с маслом Азбука вкуса;Готовая еда;114_Гречка_отварная_с_маслом_Азбука_вкуса.jpg
115;Гречка ядрица Из Лавки;База;115_Гречка_ядрица_Из_Лавки.jpg
116;Груша Конференция;Фрукты;116_Груша_Конференция.jpg
117;Губки для посуды Master Fresh;Товары для дома;117_Губки_для_посуды_Master_Fresh.jpg
118;Домашний сыр в шпинатном соусе с рисом басмати Палак Панир Chindi Kitchen;Готовая еда;118_Домашний_сыр_в_шпинатном_соусе_с_рисом_басмати_Палак_Панир_Chindi_Kitchen.jpg
119;Драже M&M's арахис-молочный шоколад;Сладости;119_Драже_MMs_арахис-молочный_шоколад.png
120;Дрожжи сухие Haas быстродействующие;База;120_Дрожжи_сухие_Haas_быстродействующие.jpg
121;Жареная на воке яичная лапша с креветками Ми Ксао Том Lao Lee;Готовая еда;121_Жареная_на_воке_яичная_лапша_с_креветками_Ми_Ксао_Том_Lao_Lee.jpg
122;Завиток с корицей Братья Караваевы;Сладости;122_Завиток_с_корицей_Братья_Караваевы.jpg
123;Запеканка творожная с вишней Азбука Вкуса;Готовая еда;123_Запеканка_творожная_с_вишней_Азбука_Вкуса.jpg
124;Запеканка творожная с манго Азбука вкуса;Готовая еда;124_Запеканка_творожная_с_манго_Азбука_вкуса.jpg
125;Зелёный горошек Из Лавки быстрозамороженный;Овощи;125_Зелёный_горошек_Из_Лавки_быстрозамороженный.jpg
126;Зефир ванильный Шармэль;Сладости;126_Зефир_ванильный_Шармэль.jpg
127;Зиртек таблетки 10 мг 30 шт;Аптека;127_Зиртек_таблетки_10_мг_30_шт.png
128;Икра деликатесная Санта Бремор с копчёным лососем;Готовая еда;128_Икра_деликатесная_Санта_Бремор_с_копчёным_лососем.jpg
129;Имбирь молотый Галерея вкусов;База;129_Имбирь_молотый_Галерея_вкусов.jpg
130;Йогурт Epica натуральный без сахара 6%;База;130_Йогурт_Epica_натуральный_без_сахара_6.png
131;Йогурт Epica с гранатом и малиной 4,8%;База;131_Йогурт_Epica_с_гранатом_и_малиной_48.jpg
132;Йогурт греческий Lactica натуральный 4%;База;132_Йогурт_греческий_Lactica_натуральный_4.jpg
133;Йогурт греческий Teos Савушкин натуральный 2%;База;133_Йогурт_греческий_Teos_Савушкин_натуральный_2.jpg
134;Йогурт греческий Из Лавки натуральный;База;134_Йогурт_греческий_Из_Лавки_натуральный.jpg
135;Йогурт натуральный 3,5% Из Лавки;База;135_Йогурт_натуральный_35_Из_Лавки.png
136;Кабачки;Овощи;136_Кабачки.jpg
137;Капуста Кейл;Овощи;137_Капуста_Кейл.jpg
138;Картофель Из Лавки варёный;Готовая еда;138_Картофель_Из_Лавки_варёный.jpg
139;Картофель молодой мытый;Овощи;139_Картофель_молодой_мытый.jpg
140;Картошка Братья Караваевы;Сладости;140_Картошка_Братья_Караваевы.jpg
141;Каша овсяная с ягодами Из Лавки;Готовая еда;141_Каша_овсяная_с_ягодами_Из_Лавки.jpg
142;Квас Очаковский;Напитки;142_Квас_Очаковский.jpg
143;Кето-курица с начинкой из брокколи и шпината с запечёнными овощами Грабли;Готовая еда;143_Кето-курица_с_начинкой_из_брокколи_и_шпината_с_запечёнными_овощами_Грабли.jpg
144;Кетчуп Heinz;База;144_Кетчуп_Heinz.jpg
145;Кефир 2,5% Из Лавки;База;145_Кефир_25_Из_Лавки.jpg
146;Кефир 3,2% Асеньевская ферма;База;146_Кефир_32_Асеньевская_ферма.jpg
147;Кефир 3,2% Из Лавки;База;147_Кефир_32_Из_Лавки.jpg
148;Кисель Леовит Leo Kids при простуде от 1 года 12 г 5 шт;Аптека;148_Кисель_Леовит_Leo_Kids_при_простуде_от_1_года_12_г_5_шт.jpg
149;Клей-гель супер моментальный Секунда;Товары для дома;149_Клей-гель_супер_моментальный_Секунда.jpg
150;Клубника;Фрукты;150_Клубника.jpg
151;Клубника Из Лавки;Фрукты;151_Клубника_Из_Лавки.jpg
152;Клубника свежая Артфрут;Фрукты;152_Клубника_свежая_Артфрут.jpg
153;Клюква Планета витаминов замороженная;Фрукты;153_Клюква_Планета_витаминов_замороженная.jpg
154;Колбаса Докторская Мясной дом Бородина варёная;База;154_Колбаса_Докторская_Мясной_дом_Бородина_варёная.jpg
155;Кондиционер для белья детский Synergetic Нежное прикосновение;Товары для дома;155_Кондиционер_для_белья_детский_Synergetic_Нежное_прикосновение.jpg
156;Конфеты Птица дивная Акконд;Сладости;156_Конфеты_Птица_дивная_Акконд.jpg
157;Конфеты с суфле Птица дивная Акконд в шоколадной глазури;Сладости;157_Конфеты_с_суфле_Птица_дивная_Акконд_в_шоколадной_глазури.jpg
158;Корица молотая Kotanyi;База;158_Корица_молотая_Kotanyi.jpg
159;Котлеты из курицы с картофельным пюре большая порция Из Лавки;Готовая еда;159_Котлеты_из_курицы_с_картофельным_пюре_большая_порция_Из_Лавки.jpg
160;Котлеты куриные на пару Азбука вкуса;Готовая еда;160_Котлеты_куриные_на_пару_Азбука_вкуса.jpg
161;Котлеты куриные с картофельным пюре Азбука Вкуса;Готовая еда;161_Котлеты_куриные_с_картофельным_пюре_Азбука_Вкуса.jpg
162;Котлеты по-киевски Из Лавки;Готовая еда;162_Котлеты_по-киевски_Из_Лавки.jpg
163;Кофе холодный латте Из Лавки;Напитки;163_Кофе_холодный_латте_Из_Лавки.jpg
164;Крекеры Tuc сыр;Снеки;164_Крекеры_Tuc_сыр.jpg
165;Крок-месье на бриоши с индейкой Eggsellent x Лавка;Готовая еда;165_Крок-месье_на_бриоши_с_индейкой_Eggsellent_x_Лавка.jpg
166;Круассан миндальный Булка;Сладости;166_Круассан_миндальный_Булка.jpg
167;Круассан с миндалём Из Лавки;Сладости;167_Круассан_с_миндалём_Из_Лавки.jpg
168;Круассан с сыром Из Лавки;Готовая еда;168_Круассан_с_сыром_Из_Лавки.jpg
169;Кукурузные палочки Holy Corn малина со сливками;Снеки;169_Кукурузные_палочки_Holy_Corn_малина_со_сливками.jpg
170;Кулич пасхальный с изюмом;Сладости;170_Кулич_пасхальный_с_изюмом.jpg
171;Куриная отбивная в кляре с картофельным пюре по-домашнему;Готовая еда;171_Куриная_отбивная_в_кляре_с_картофельным_пюре_по-домашнему.jpg
172;Курица тандури в сливочно-томатном карри с рисом басмати Чикен Баттер Масала Chindi Kitchen;Готовая еда;172_Курица_тандури_в_сливочно-томатном_карри_с_рисом_басмати_Чикен_Баттер_Масала_Chindi_Kitchen.jpg
173;Лапша быстрого приготовления Доширак курица;Готовая еда;173_Лапша_быстрого_приготовления_Доширак_курица.jpg
174;Лапша рисовая с креветками и овощами Азбука life;Готовая еда;174_Лапша_рисовая_с_креветками_и_овощами_Азбука_life.jpg
175;Лейкопластырь водоотталкивающий Dr.Safe универсальный бактерицидный 1,9х7,2 см;Товары для дома;175_Лейкопластырь_водоотталкивающий_DrSafe_универсальный_бактерицидный_19х72_см.png
176;Лепешки Мексиканские Оригинальные Delicados Tortillas;База;176_Лепешки_Мексиканские_Оригинальные_Delicados_Tortillas.jpg
177;Лимон;Фрукты;177_Лимон.jpg
178;Лимонад Из Лавки с соком грейпфрута;Напитки;178_Лимонад_Из_Лавки_с_соком_грейпфрута.jpg
179;Лимонад Из Лавки с соком груши и яблока;Напитки;179_Лимонад_Из_Лавки_с_соком_груши_и_яблока.jpg
180;Лимонад Из Лавки с соком манго и маракуйи;Напитки;180_Лимонад_Из_Лавки_с_соком_манго_и_маракуйи.jpg
181;Лук репчатый;Овощи;181_Лук_репчатый.png
182;Лук-порей;Овощи;182_Лук-порей.png
183;Макароны Barilla Festivi;База;183_Макароны_Barilla_Festivi.jpg
184;Макароны Campanelle Barilla Collezione №99;База;184_Макароны_Campanelle_Barilla_Collezione_99.jpg
185;Макароны Farfalle Barilla №65;База;185_Макароны_Farfalle_Barilla_65.jpg
186;Макароны Fettuccine Barilla Collezione;База;186_Макароны_Fettuccine_Barilla_Collezione.jpg
187;Макароны Fusilli Barilla №98;База;187_Макароны_Fusilli_Barilla_98.jpg
188;Макароны Girandole Barilla №34;База;188_Макароны_Girandole_Barilla_34.jpg
189;Макароны Спагетти Barilla №5;База;189_Макароны_Спагетти_Barilla_5.jpg
190;Малина Артфрут;Фрукты;190_Малина_Артфрут.jpg
191;Малина Из Лавки;Фрукты;191_Малина_Из_Лавки.jpg
192;Манго Артфрут;Фрукты;192_Манго_Артфрут.jpg
193;Манго спелое;Фрукты;193_Манго_спелое.jpg
194;Мандарины Абхазия;Фрукты;194_Мандарины_Абхазия.jpg
195;Мандарины мини;Фрукты;195_Мандарины_мини.jpg
196;Мармелад жевательный Happy Cola Haribo;Сладости;196_Мармелад_жевательный_Happy_Cola_Haribo.jpg
197;Мармелад жевательный Haribo Goldbaren;Сладости;197_Мармелад_жевательный_Haribo_Goldbaren.jpg
198;Мармелад жевательный Из Лавки червяки;Сладости;198_Мармелад_жевательный_Из_Лавки_червяки.jpg
199;Маршмеллоу мини ванильный белый Guandy;Сладости;199_Маршмеллоу_мини_ванильный_белый_Guandy.jpg
200;Маршмеллоу мини Из Лавки со вкусом пломбира;Сладости;200_Маршмеллоу_мини_Из_Лавки_со_вкусом_пломбира.jpg
201;Маслины Охибланка Bonduelle с копчёным лососем;Овощи;201_Маслины_Охибланка_Bonduelle_с_копчёным_лососем.jpg
202;Масло оливковое Extra Virgin Filippo Berio;База;202_Масло_оливковое_Extra_Virgin_Filippo_Berio.jpg
203;Масло подсолнечное рафинированное Из Лавки;База;203_Масло_подсолнечное_рафинированное_Из_Лавки.jpg
204;Масло сладко-сливочное несолёное 82,5% Из Лавки традиционное;База;204_Масло_сладко-сливочное_несолёное_825_Из_Лавки_традиционное.jpg
205;Масло сливочное 72,5% Из Лавки;База;205_Масло_сливочное_725_Из_Лавки.jpg
206;Масло сливочное 82,5% Брест-Литовск;База;206_Масло_сливочное_825_Брест-Литовск.jpg
207;Масло сливочное 82,5% Вологодское;База;207_Масло_сливочное_825_Вологодское.jpg
208;Масло сливочное 82,5% Вологодское Из Вологды;База;208_Масло_сливочное_825_Вологодское_Из_Вологды.jpg
209;Масло сливочное 82,5% Из Лавки;База;209_Масло_сливочное_825_Из_Лавки.png
210;Масло сливочное 82,5% Из Лавки традиционное;База;210_Масло_сливочное_825_Из_Лавки_традиционное.jpg
211;Микстура от кашля для взрослых порошок 1.7 г 1 шт;Аптека;211_Микстура_от_кашля_для_взрослых_порошок_17_г_1_шт.jpg
212;Миндаль жареный солёный Из Лавки;Снеки;212_Миндаль_жареный_солёный_Из_Лавки.jpg
213;Молоко 2,5% Асеньевская ферма пастеризованное;База;213_Молоко_25_Асеньевская_ферма_пастеризованное.jpg
214;Молоко 2,5% Из Лавки пастеризованное;База;214_Молоко_25_Из_Лавки_пастеризованное.jpg
215;Молоко 2,5% Простоквашино пастеризованное;База;215_Молоко_25_Простоквашино_пастеризованное.jpg
216;Молоко 3,2% Асеньевская ферма пастеризованное;База;216_Молоко_32_Асеньевская_ферма_пастеризованное.jpg
217;Молоко 3,2% Из Лавки;База;217_Молоко_32_Из_Лавки.jpg
218;Молоко 3,2% Из Лавки пастеризованное;База;218_Молоко_32_Из_Лавки_пастеризованное.jpg
219;Молоко 3,4%-6% Асеньевская ферма пастеризованное;База;219_Молоко_34-6_Асеньевская_ферма_пастеризованное.jpg
220;Молоко безлактозное 1,5% Из Лавки;База;220_Молоко_безлактозное_15_Из_Лавки.jpg
221;Молоко безлактозное 3,6-4,6% Братья Чебурашкины пастеризованное;База;221_Молоко_безлактозное_36-46_Братья_Чебурашкины_пастеризованное.jpg
222;Молоко кокосовое сгущённое King Island;База;222_Молоко_кокосовое_сгущённое_King_Island.jpg
223;Молоко отборное 3,4-4,5% Домик в деревне пастеризованное;База;223_Молоко_отборное_34-45_Домик_в_деревне_пастеризованное.jpg
224;Молоко топлёное 4% Асеньевская ферма пастеризованное;База;224_Молоко_топлёное_4_Асеньевская_ферма_пастеризованное.jpg
225;Молоко цельное 3,4%-6% Нашей дойки пастеризованное;База;225_Молоко_цельное_34-6_Нашей_дойки_пастеризованное.jpg
226;Молоко цельное 3,4-6% Нашей дойки пастеризованное;База;226_Молоко_цельное_34-6_Нашей_дойки_пастеризованное.jpg
227;Морковь мытая;Овощи;227_Морковь_мытая.jpg
228;Морковь с сыром и чесноком Азбука Вкуса;База;228_Морковь_с_сыром_и_чесноком_Азбука_Вкуса.jpg
229;Мороженое Monterra бельгийский шоколад;Сладости;229_Мороженое_Monterra_бельгийский_шоколад.jpg
230;Мороженое ванильное Vanilla Dream Monterra;Сладости;230_Мороженое_ванильное_Vanilla_Dream_Monterra.jpg
231;Мороженое молочное Bounty;Сладости;231_Мороженое_молочное_Bounty.jpg
232;Мороженое пломбир Чистая Линия;Сладости;232_Мороженое_пломбир_Чистая_Линия.jpg
233;Мороженое сливочное Snickers;Сладости;233_Мороженое_сливочное_Snickers.jpg
234;Мороженое Чёрный лес Monterra с вишней;Сладости;234_Мороженое_Чёрный_лес_Monterra_с_вишней.jpg
235;Мороженое эскимо Магнат;Сладости;235_Мороженое_эскимо_Магнат.jpg
236;Морс клюквенный Из Лавки;Напитки;236_Морс_клюквенный_Из_Лавки.jpg
237;Мука пшеничная Makfa;База;237_Мука_пшеничная_Makfa.jpg
238;Мука пшеничная высшего сорта Из Лавки;База;238_Мука_пшеничная_высшего_сорта_Из_Лавки.jpg
239;Мыло жидкое Сандал и Ягоды можжевельника Synergetic;Товары для дома;239_Мыло_жидкое_Сандал_и_Ягоды_можжевельника_Synergetic.jpg
240;Мюсли Matti банан и шоколад;База;240_Мюсли_Matti_банан_и_шоколад.jpg
241;Мюсли Matti малина и ежевика;База;241_Мюсли_Matti_малина_и_ежевика.jpg
242;Мюсли запечённые ореховые Из Лавки с изюмом;База;242_Мюсли_запечённые_ореховые_Из_Лавки_с_изюмом.jpg
243;Мёд лесной натуральный Антон Медов;База;243_Мёд_лесной_натуральный_Антон_Медов.jpg
244;Мёд луговой натуральный Антон Медов;База;244_Мёд_луговой_натуральный_Антон_Медов.jpg
245;Набор лимон и имбирь;База;245_Набор_лимон_и_имбирь.jpg
246;Напиток газированный Кола Добрый;Напитки;246_Напиток_газированный_Кола_Добрый.jpg
247;Напиток кисломолочный Exponenta High-Pro черника-земляника;Напитки;247_Напиток_кисломолочный_Exponenta_High-Pro_черника-земляника.jpg
248;Напиток миндальный Alpro Original 1,1%;Напитки;248_Напиток_миндальный_Alpro_Original_11.jpg
249;Напиток овсяный Nemoloko 3,2% классический;Напитки;249_Напиток_овсяный_Nemoloko_32_классический.jpg
250;Напиток овсяный Nemoloko шоколадный;Напитки;250_Напиток_овсяный_Nemoloko_шоколадный.jpg
251;Напиток овсяный Nemoloko шоколадный 3,2%;Напитки;251_Напиток_овсяный_Nemoloko_шоколадный_32.jpg
252;Напиток соевый Alpro Banana банановый 0,9%;Напитки;252_Напиток_соевый_Alpro_Banana_банановый_09.jpg
253;Напиток соевый Alpro Banana банановый 1,8%;Напитки;253_Напиток_соевый_Alpro_Banana_банановый_18.jpg
254;Напиток соевый Alpro банановый;Напитки;254_Напиток_соевый_Alpro_банановый.jpg
255;Напиток функциональный Actimuno гранат 1,5%;Напитки;255_Напиток_функциональный_Actimuno_гранат_15.jpg
256;Напиток функциональный Actimuno клубника 1,5%;Напитки;256_Напиток_функциональный_Actimuno_клубника_15.jpg
257;Напиток функциональный Actimuno натуральный 1,6%;Напитки;257_Напиток_функциональный_Actimuno_натуральный_16.jpg
258;Напиток энергетический Adrenaline Rush;Напитки;258_Напиток_энергетический_Adrenaline_Rush.jpg
259;Начос кукурузные Delicados;Снеки;259_Начос_кукурузные_Delicados.jpg
260;Нектар апельсиновый Rich;Напитки;260_Нектар_апельсиновый_Rich.jpg
261;Огурцы колючие ТСХ;Овощи;261_Огурцы_колючие_ТСХ.jpg
262;Огурцы Корнишон;Овощи;262_Огурцы_Корнишон.jpg
263;Огурцы короткоплодные;Овощи;263_Огурцы_короткоплодные.jpg
264;Оладьи из кабачков Азбука Вкуса;Готовая еда;264_Оладьи_из_кабачков_Азбука_Вкуса.jpg
265;Омлет запечённый с муссом из филе лосося;Готовая еда;265_Омлет_запечённый_с_муссом_из_филе_лосося.jpg
266;Омлет Классический со шпинатным соусом Из Лавки;Готовая еда;266_Омлет_Классический_со_шпинатным_соусом_Из_Лавки.jpg
267;Омлет с беконом и релишем из болгарского перца Из Лавки;Готовая еда;267_Омлет_с_беконом_и_релишем_из_болгарского_перца_Из_Лавки.jpg
268;Орехи кешью жареные Из Лавки;Снеки;268_Орехи_кешью_жареные_Из_Лавки.jpg
269;Освежитель воздуха Glade лаванда;Товары для дома;269_Освежитель_воздуха_Glade_лаванда.jpg
270;Пакеты для мусора 30 л Paclan;Товары для дома;270_Пакеты_для_мусора_30_л_Paclan.jpg
271;Пакеты для мусора Master Fresh 30 л чёрные;Товары для дома;271_Пакеты_для_мусора_Master_Fresh_30_л_чёрные.jpg
272;Парацетамол таблетки 500 мг 20 шт;Аптека;272_Парацетамол_таблетки_500_мг_20_шт.jpg
273;Паста Карбонара Азбука Вкуса;Готовая еда;273_Паста_Карбонара_Азбука_Вкуса.jpg
274;Паста ореховая Nutella с какао;Сладости;274_Паста_ореховая_Nutella_с_какао.jpg
275;Пастила яблочная Белёвская;Сладости;275_Пастила_яблочная_Белёвская.jpg
276;Пельмени Домашние Из Лавки;База;276_Пельмени_Домашние_Из_Лавки.jpg
277;Пельмени с фермерской индейкой Из Лавки;Готовая еда;277_Пельмени_с_фермерской_индейкой_Из_Лавки.jpg
278;Перец красный;Овощи;278_Перец_красный.jpg
279;Перец микс;Овощи;279_Перец_микс.jpg
280;Перчики черри Из Лавки фаршированные сливочным сыром;Овощи;280_Перчики_черри_Из_Лавки_фаршированные_сливочным_сыром.png
281;Петрушка;Овощи;281_Петрушка.jpg
282;Печенье Choco Pie Original Orion в шоколадной глазури;Сладости;282_Печенье_Choco_Pie_Original_Orion_в_шоколадной_глазури.png
283;Печенье Original Oreo;Сладости;283_Печенье_Original_Oreo.jpg
284;Печенье бисквитное Яшкино клубника;Сладости;284_Печенье_бисквитное_Яшкино_клубника.jpg
285;Печенье овсяное Из Лавки;Сладости;285_Печенье_овсяное_Из_Лавки.jpg
286;Печенье овсяное Овсянки Бейкери с клюквой;Сладости;286_Печенье_овсяное_Овсянки_Бейкери_с_клюквой.jpg
287;Печенье Орешек со сгущёнкой Братья Караваевы;Сладости;287_Печенье_Орешек_со_сгущёнкой_Братья_Караваевы.jpg
288;Печенье Творожные ушки Братья Караваевы;Сладости;288_Печенье_Творожные_ушки_Братья_Караваевы.jpg
289;Печенье Хворост Из Лавки медовый;Сладости;289_Печенье_Хворост_Из_Лавки_медовый.jpg
290;Печенье Яшкино апельсин;Сладости;290_Печенье_Яшкино_апельсин.jpg
291;Пирог с картофелем и сыром Рамонти Пайз;Готовая еда;291_Пирог_с_картофелем_и_сыром_Рамонти_Пайз.jpg
292;Пирог с сыром и шпинатом Рамонти Пайз;Готовая еда;292_Пирог_с_сыром_и_шпинатом_Рамонти_Пайз.jpg
293;Пирожки с яйцом и зелёным луком Cook chart bakery;Готовая еда;293_Пирожки_с_яйцом_и_зелёным_луком_Cook_chart_bakery.jpg
294;Пирожное Картошка Из Лавки;Сладости;294_Пирожное_Картошка_Из_Лавки.jpg
295;Пирожное паштел де ната Хлеб Насущный;Сладости;295_Пирожное_паштел_де_ната_Хлеб_Насущный.jpg
296;Пирожное Эклер классический Из Лавки;Сладости;296_Пирожное_Эклер_классический_Из_Лавки.jpg
297;Пицца Маргарита Из Лавки;Готовая еда;297_Пицца_Маргарита_Из_Лавки.jpg
298;Пластырь бактерицидный Cosmos 20 шт;Аптека;298_Пластырь_бактерицидный_Cosmos_20_шт.png
299;Плов с бараниной Азбука Вкуса;Готовая еда;299_Плов_с_бараниной_Азбука_Вкуса.jpg
300;Плёнка пищевая Master Fresh 20 м х 30 см;Товары для дома;300_Плёнка_пищевая_Master_Fresh_20_м_х_30_см.jpg
301;Поке с креветкой том ям Soul in the Bowl;Готовая еда;301_Поке_с_креветкой_том_ям_Soul_in_the_Bowl.jpg
302;Помидоры коктейльные сливовидные на ветке;Овощи;302_Помидоры_коктейльные_сливовидные_на_ветке.jpg
303;Помидоры Пинк Парадайз, Узбекистан;Овощи;303_Помидоры_Пинк_Парадайз_Узбекистан.jpg
304;Помидоры розовые Бычье сердце, Азербайджан;Овощи;304_Помидоры_розовые_Бычье_сердце_Азербайджан.jpg
305;Помидоры розовые Эко-культура круглые;Овощи;305_Помидоры_розовые_Эко-культура_круглые.jpg
306;Помидоры сладкие Бархатный мёд;Овощи;306_Помидоры_сладкие_Бархатный_мёд.jpg
307;Помидоры сливовидные;Овощи;307_Помидоры_сливовидные.jpg
308;Помидоры сливовидные Эко-культура красные на ветке;Овощи;308_Помидоры_сливовидные_Эко-культура_красные_на_ветке.jpg
309;Помидоры черри Ароматто Эко-культура сливовидные красные на ветке;Овощи;309_Помидоры_черри_Ароматто_Эко-культура_сливовидные_красные_на_ветке.jpg
310;Помидоры черри красные Премиум Рост;Овощи;310_Помидоры_черри_красные_Премиум_Рост.jpg
311;Помидоры черри на ветке;Овощи;311_Помидоры_черри_на_ветке.jpg
312;Помидоры Черри на ветке Сладкая ягода;Овощи;312_Помидоры_Черри_на_ветке_Сладкая_ягода.jpg
313;Помидоры черри Эко-культура круглые жёлтые на ветке;Овощи;313_Помидоры_черри_Эко-культура_круглые_жёлтые_на_ветке.jpg
314;Помидоры черри Эко-культура круглые красные;Овощи;314_Помидоры_черри_Эко-культура_круглые_красные.jpg
315;Помидоры черри Эко-культура круглые красные на ветке;Овощи;315_Помидоры_черри_Эко-культура_круглые_красные_на_ветке.jpg
316;Попкорн Holy Corn морская соль;Снеки;316_Попкорн_Holy_Corn_морская_соль.png
317;Попкорн Holy Corn нежный сыр;Снеки;317_Попкорн_Holy_Corn_нежный_сыр.jpg
318;Попкорн для СВЧ Из Лавки с солью;Снеки;318_Попкорн_для_СВЧ_Из_Лавки_с_солью.jpg
319;Попкорн для СВЧ Из Лавки с сыром;Снеки;319_Попкорн_для_СВЧ_Из_Лавки_с_сыром.jpg
320;Попкорн из креветок Нияма;Готовая еда;320_Попкорн_из_креветок_Нияма.png
321;Профитроли с заварным кремом Балабаев 4 шт.;Сладости;321_Профитроли_с_заварным_кремом_Балабаев_4_шт.jpg
322;Разрыхлитель теста Dr.Bakers;База;322_Разрыхлитель_теста_DrBakers.jpg
323;Разрыхлитель теста Haas;База;323_Разрыхлитель_теста_Haas.jpg
324;Рис Басмати отварной Азбука Вкуса;Готовая еда;324_Рис_Басмати_отварной_Азбука_Вкуса.jpg
325;Рис Жасмин Из Лавки;База;325_Рис_Жасмин_Из_Лавки.jpg
326;Роллы Филадельфия Из Лавки;Готовая еда;326_Роллы_Филадельфия_Из_Лавки.jpg
327;Ромовая баба глазированная шоколадной помадкой Из Лавки;Сладости;327_Ромовая_баба_глазированная_шоколадной_помадкой_Из_Лавки.jpg
328;Руккола Из Лавки;Овощи;328_Руккола_Из_Лавки.jpg
329;Рулет меренговый с малиной и масляным кремом;Сладости;329_Рулет_меренговый_с_малиной_и_масляным_кремом.jpg
330;Рулет с ромом и изюмом буше;Сладости;330_Рулет_с_ромом_и_изюмом_буше.jpg
331;Рулетик с корицей и изюмом Братья Караваевы;Сладости;331_Рулетик_с_корицей_и_изюмом_Братья_Караваевы.jpg
332;Ряженка 4% Из Лавки;База;332_Ряженка_4_Из_Лавки.jpg
333;Салат Айсберг;Овощи;333_Салат_Айсберг.jpg
334;Салат Крабовый Азбука вкуса;Готовая еда;334_Салат_Крабовый_Азбука_вкуса.jpg
335;Салат Оливье Азбука Вкуса;Готовая еда;335_Салат_Оливье_Азбука_Вкуса.jpg
336;Салат с капустой, сладким перцем и огурцом Монастырский;Готовая еда;336_Салат_с_капустой_сладким_перцем_и_огурцом_Монастырский.jpg
337;Салат с крабовыми палочками большая порция Из Лавки;Готовая еда;337_Салат_с_крабовыми_палочками_большая_порция_Из_Лавки.jpg
338;Салат с крабовыми палочками Из Лавки;Готовая еда;338_Салат_с_крабовыми_палочками_Из_Лавки.jpg
339;Салат с курицей и сельдереем Азбука вкуса;Готовая еда;339_Салат_с_курицей_и_сельдереем_Азбука_вкуса.jpg
340;Салат сырный Азбука вкуса;Готовая еда;340_Салат_сырный_Азбука_вкуса.jpg
341;Салат Цезарь с курицей Азбука Вкуса;Готовая еда;341_Салат_Цезарь_с_курицей_Азбука_Вкуса.jpg
342;Салфетка для уборки Master Fresh;Товары для дома;342_Салфетка_для_уборки_Master_Fresh.jpg
343;Салфетки влажные детские Pampers Sensitive;Товары для дома;343_Салфетки_влажные_детские_Pampers_Sensitive.jpg
344;Салфетки для уборки Master Fresh;Товары для дома;344_Салфетки_для_уборки_Master_Fresh.jpg
345;Сахар песок Из Лавки;База;345_Сахар_песок_Из_Лавки.jpg
346;Свечка с ароматом камина в подарок Из Лавки;Товары для дома;346_Свечка_с_ароматом_камина_в_подарок_Из_Лавки.jpg
347;Свёкла с майонезом и чесноком Азбука вкуса;Готовая еда;347_Свёкла_с_майонезом_и_чесноком_Азбука_вкуса.jpg
348;Сельдь крупная XXL в масле Матиас кусочки;База;348_Сельдь_крупная_XXL_в_масле_Матиас_кусочки.jpg
349;Семена тыквы очищенные Из Лавки;Снеки;349_Семена_тыквы_очищенные_Из_Лавки.jpg
350;Семечки жареные отборные От Мартина;Снеки;350_Семечки_жареные_отборные_От_Мартина.png
351;Сливки 10% Из Лавки;База;351_Сливки_10_Из_Лавки.jpg
352;Сливки 20% Простоквашино стерилизованные;База;352_Сливки_20_Простоквашино_стерилизованные.jpg
353;Сливки 20% Простоквашино ультрапастеризованные;База;353_Сливки_20_Простоквашино_ультрапастеризованные.jpg
354;Смесь орехов с цукатами Семушка;Фрукты;354_Смесь_орехов_с_цукатами_Семушка.jpg
355;Сметана 15% Из Лавки;База;355_Сметана_15_Из_Лавки.jpg
356;Сметана 20% Из Лавки;База;356_Сметана_20_Из_Лавки.jpg
357;Смузи манго-маракуйя Из Лавки;Напитки;357_Смузи_манго-маракуйя_Из_Лавки.jpg
358;Сок апельсиновый Из Лавки прямой отжим;Напитки;358_Сок_апельсиновый_Из_Лавки_прямой_отжим.jpg
359;Сок апельсиновый Из Лавки прямой отжим с мякотью пастеризованный;Напитки;359_Сок_апельсиновый_Из_Лавки_прямой_отжим_с_мякотью_пастеризованный.jpg
360;Сок грейпфрутовый Из Лавки прямого отжима;Напитки;360_Сок_грейпфрутовый_Из_Лавки_прямого_отжима.jpg
361;Сок Сады Придонья яблоко-виноград с 6 месяцев без добавления сахара;Напитки;361_Сок_Сады_Придонья_яблоко-виноград_с_6_месяцев_без_добавления_сахара.jpg
362;Соль морская мелкая Из Лавки;База;362_Соль_морская_мелкая_Из_Лавки.png
363;Сосиска в слоёном тесте с сыром и горчицей Хлеб насущный;Готовая еда;363_Сосиска_в_слоёном_тесте_с_сыром_и_горчицей_Хлеб_насущный.jpg
364;Сосиска в тесте Cook Chart Bakery;Готовая еда;364_Сосиска_в_тесте_Cook_Chart_Bakery.jpg
365;Сосиски из индейки Из Лавки с брокколи и морковью;База;365_Сосиски_из_индейки_Из_Лавки_с_брокколи_и_морковью.jpg
366;Сосиски из куриной грудки Из Лавки;База;366_Сосиски_из_куриной_грудки_Из_Лавки.jpg
367;Сосиски Сливочные Клинский;База;367_Сосиски_Сливочные_Клинский.jpg
368;Соус томатный Napoletana Barilla с овощами;База;368_Соус_томатный_Napoletana_Barilla_с_овощами.jpg
369;Сочник с рикоттой Калачёво;Сладости;369_Сочник_с_рикоттой_Калачёво.jpg
370;Спелые бананы;Фрукты;370_Спелые_бананы.jpg
371;Спрей для горла Гексорал;Аптека;371_Спрей_для_горла_Гексорал.jpg
372;Средство для мытья посуды Fairy лимон;Товары для дома;372_Средство_для_мытья_посуды_Fairy_лимон.jpg
373;Стиральный порошок Persil автомат;Товары для дома;373_Стиральный_порошок_Persil_автомат.jpg
374;Суп овощной Мадрас карри Chindi;Готовая еда;374_Суп_овощной_Мадрас_карри_Chindi.jpg
375;Суп с куриными фрикадельками и пастой Алфавит Азбука вкуса;Готовая еда;375_Суп_с_куриными_фрикадельками_и_пастой_Алфавит_Азбука_вкуса.jpg
376;Суп с куриными фрикадельками, с пастой Алфавит Азбука Вкуса;Готовая еда;376_Суп_с_куриными_фрикадельками_с_пастой_Алфавит_Азбука_Вкуса.jpg
377;Суп том-ям с креветками Азбука Вкуса;Готовая еда;377_Суп_том-ям_с_креветками_Азбука_Вкуса.jpg
378;Суп-пюре сырный с креветками Азбука вкуса;Готовая еда;378_Суп-пюре_сырный_с_креветками_Азбука_вкуса.jpg
379;Сухари Семейка Озби в сахаре с изюмом;Снеки;379_Сухари_Семейка_Озби_в_сахаре_с_изюмом.jpg
380;Сухарики Три корочки бекон;Снеки;380_Сухарики_Три_корочки_бекон.jpg
381;Сыр Адыгейский Из Лавки;База;381_Сыр_Адыгейский_Из_Лавки.jpg
382;Сыр Брынза Из Лавки Сербская;База;382_Сыр_Брынза_Из_Лавки_Сербская.jpg
383;Сыр Гауда Из Лавки нарезка;База;383_Сыр_Гауда_Из_Лавки_нарезка.jpg
384;Сыр Из Лавки Грана тёртый 43%;База;384_Сыр_Из_Лавки_Грана_тёртый_43.jpg
385;Сыр Ламбер;База;385_Сыр_Ламбер.jpg
386;Сыр Ламбер 50%;База;386_Сыр_Ламбер_50.jpg
387;Сыр Маскарпоне Из Лавки 80%;База;387_Сыр_Маскарпоне_Из_Лавки_80.jpg
388;Сыр Моцарелла Galbani 45%;База;388_Сыр_Моцарелла_Galbani_45.jpg
389;Сыр Моцарелла Mini Galbani 45%;База;389_Сыр_Моцарелла_Mini_Galbani_45.jpg
390;Сыр Пармезан Из Лавки тёртый 40%;База;390_Сыр_Пармезан_Из_Лавки_тёртый_40.jpg
391;Сыр сливочный Из Лавки нарезка 50%;База;391_Сыр_сливочный_Из_Лавки_нарезка_50.jpg
392;Сыр Халлуми Из Лавки;База;392_Сыр_Халлуми_Из_Лавки.jpg
393;Сыр Чеддер Из Лавки нарезка;База;393_Сыр_Чеддер_Из_Лавки_нарезка.jpg
394;Сырники большая порция Из Лавки;База;394_Сырники_большая_порция_Из_Лавки.jpg
395;Сырники с кокосом и манговой сгущёнкой Eggsellent x Лавка;База;395_Сырники_с_кокосом_и_манговой_сгущёнкой_Eggsellent_x_Лавка.jpg
396;Сырники с малиной 3 шт Из Лавки;База;396_Сырники_с_малиной_3_шт_Из_Лавки.jpg
397;Сырники со сметаной Азбука Вкуса;Готовая еда;397_Сырники_со_сметаной_Азбука_Вкуса.jpg
398;Сырок глазированный Из Лавки ванильный в бельгийском шоколаде;Сладости;398_Сырок_глазированный_Из_Лавки_ванильный_в_бельгийском_шоколаде.jpg
399;Сырок глазированный Из Лавки со сгущёнкой в бельгийском шоколаде;Сладости;399_Сырок_глазированный_Из_Лавки_со_сгущёнкой_в_бельгийском_шоколаде.jpg
400;Сэндвич Бао с креветкой Нияма;Готовая еда;400_Сэндвич_Бао_с_креветкой_Нияма.jpg
401;Сэндвич Гриль чиз Mates;Готовая еда;401_Сэндвич_Гриль_чиз_Mates.jpg
402;Сэндвич на зерновом хлебе с куриным филе и сливочным карри;Готовая еда;402_Сэндвич_на_зерновом_хлебе_с_куриным_филе_и_сливочным_карри.jpg
403;Сэндвич на круассане с индейкой и мандариновым соусом Eggsellent x Лавка;Готовая еда;403_Сэндвич_на_круассане_с_индейкой_и_мандариновым_соусом_Eggsellent_x_Лавка.jpg
404;Сэндвич на круассане с лососем и муссом из шпината Из Лавки;Готовая еда;404_Сэндвич_на_круассане_с_лососем_и_муссом_из_шпината_Из_Лавки.jpg
405;Сэндвич с жареными шампиньонами и сыром Чеддер Mates;Готовая еда;405_Сэндвич_с_жареными_шампиньонами_и_сыром_Чеддер_Mates.jpg
406;Сэндвич с индейкой и моцареллой Из Лавки;Готовая еда;406_Сэндвич_с_индейкой_и_моцареллой_Из_Лавки.jpg
407;Сэндвич с индейкой, сыром чеддер, соусами монре и айоли Mates;Готовая еда;407_Сэндвич_с_индейкой_сыром_чеддер_соусами_монре_и_айоли_Mates.jpg
408;Сэндвич с карамелизированным луком и индейкой Mates;Готовая еда;408_Сэндвич_с_карамелизированным_луком_и_индейкой_Mates.jpg
409;Сэндвич с мортаделлой и трюфельным соусом Из Лавки;Готовая еда;409_Сэндвич_с_мортаделлой_и_трюфельным_соусом_Из_Лавки.jpg
410;Сэндвич с ростбифом The Truffle;Готовая еда;410_Сэндвич_с_ростбифом_The_Truffle.jpg
411;Сэндвич-ролл с креветками в соусе Том-ям Нияма;Готовая еда;411_Сэндвич-ролл_с_креветками_в_соусе_Том-ям_Нияма.jpg
412;Таблетки для посудомоечных машин Synergetic;Товары для дома;412_Таблетки_для_посудомоечных_машин_Synergetic.jpg
413;Творог 10-20% из молока Нашей дойки;База;413_Творог_10-20_из_молока_Нашей_дойки.jpg
414;Творог 5% Из Лавки;База;414_Творог_5_Из_Лавки.jpg
415;Творог зернёный 4% домашний Карат;База;415_Творог_зернёный_4_домашний_Карат.jpg
416;Творог зернёный 5% Савушкин;База;416_Творог_зернёный_5_Савушкин.jpg
417;Термометр электронный Omron;Аптека;417_Термометр_электронный_Omron.png
418;Тефтели из говядины и свинины в томатной поджарке с картофельным пюре Грабли;Готовая еда;418_Тефтели_из_говядины_и_свинины_в_томатной_поджарке_с_картофельным_пюре_Грабли.jpg
419;Торт Медовик Из Лавки;Сладости;419_Торт_Медовик_Из_Лавки.jpg
420;Торт Медовый Братья Караваевы 2 шт;Сладости;420_Торт_Медовый_Братья_Караваевы_2_шт.jpg
421;Туалетная бумага Zewa Плюс белая 2 слоя;Товары для дома;421_Туалетная_бумага_Zewa_Плюс_белая_2_слоя.jpg
422;Тыква Баттернат;Овощи;422_Тыква_Баттернат.jpg
423;Улитка с изюмом и заварным кремом Из Лавки;Сладости;423_Улитка_с_изюмом_и_заварным_кремом_Из_Лавки.jpg
424;Улитка с корицей Из Лавки;Сладости;424_Улитка_с_корицей_Из_Лавки.jpg
425;Улитка с солёной карамелью и корицей Кулпром;Сладости;425_Улитка_с_солёной_карамелью_и_корицей_Кулпром.jpg
426;Уха с сёмгой Азбука вкуса;Готовая еда;426_Уха_с_сёмгой_Азбука_вкуса.jpg
427;Фарш говяжий Из Лавки;База;427_Фарш_говяжий_Из_Лавки.jpg
428;Филе куриное запечённое с помидорами и сыром Азбука Вкуса;Готовая еда;428_Филе_куриное_запечённое_с_помидорами_и_сыром_Азбука_Вкуса.jpg
429;Филе куриное охлаждённое Из Лавки;База;429_Филе_куриное_охлаждённое_Из_Лавки.jpg
430;Фокачча гриль-чиз с вялеными томатами и шпинатом Mates;Готовая еда;430_Фокачча_гриль-чиз_с_вялеными_томатами_и_шпинатом_Mates.jpg
431;Фольга пищевая Из Лавки;Товары для дома;431_Фольга_пищевая_Из_Лавки.jpg
432;Форель слабосолёная Из Лавки нарезка;База;432_Форель_слабосолёная_Из_Лавки_нарезка.jpg
433;Фриттата с креветками и овощами Из Лавки;Готовая еда;433_Фриттата_с_креветками_и_овощами_Из_Лавки.jpg
434;Фруктовый микс манго, голубика;Фрукты;434_Фруктовый_микс_манго_голубика.jpg
435;Фунчоза с овощами по-корейски Азбука Вкуса;Готовая еда;435_Фунчоза_с_овощами_по-корейски_Азбука_Вкуса.jpg
436;Хачапури по-аджарски Из Лавки;Готовая еда;436_Хачапури_по-аджарски_Из_Лавки.jpg
437;Хлеб бездрожжевой;База;437_Хлеб_бездрожжевой.jpg
438;Хлеб бездрожжевой Юбилейный Рижский хлеб в нарезке;База;438_Хлеб_бездрожжевой_Юбилейный_Рижский_хлеб_в_нарезке.jpg
439;Хлеб бородинский Из Лавки нарезанный;База;439_Хлеб_бородинский_Из_Лавки_нарезанный.jpg
440;Хлеб Деревенский Из Лавки;База;440_Хлеб_Деревенский_Из_Лавки.jpg
441;Хлеб ржано-пшеничный с семенами подсолнечника нарезанный Азбука вкуса;База;441_Хлеб_ржано-пшеничный_с_семенами_подсолнечника_нарезанный_Азбука_вкуса.jpg
442;Хлеб тостовый пшеничный Из Лавки;База;442_Хлеб_тостовый_пшеничный_Из_Лавки.jpg
443;Хлебцы гречневые Dr. Korner;Снеки;443_Хлебцы_гречневые_Dr_Korner.jpg
444;Хлопья кукурузные Из Лавки без глютена без добавления сахара;База;444_Хлопья_кукурузные_Из_Лавки_без_глютена_без_добавления_сахара.jpg
445;Хлопья кукурузные Любятово;База;445_Хлопья_кукурузные_Любятово.jpg
446;Хумус классический Из Лавки;База;446_Хумус_классический_Из_Лавки.jpg
447;Хурма Королёк;Фрукты;447_Хурма_Королёк.jpg
448;Цитросепт капли для приема внутрь 50 мл;Аптека;448_Цитросепт_капли_для_приема_внутрь_50_мл.jpg
449;Цукини;Овощи;449_Цукини.jpg
450;Чай холодный Из Лавки с лимоном;Напитки;450_Чай_холодный_Из_Лавки_с_лимоном.jpg
451;Чай чёрный Earl Grey Ahmad Tea с ароматом бергамота в пакетиках;База;451_Чай_чёрный_Earl_Grey_Ahmad_Tea_с_ароматом_бергамота_в_пакетиках.jpg
452;Чай чёрный Yantra цейлонский листовой;База;452_Чай_чёрный_Yantra_цейлонский_листовой.jpg
453;Чай Шу пуэр Mute листовой;База;453_Чай_Шу_пуэр_Mute_листовой.jpg
454;Черешня;Фрукты;454_Черешня.jpg
455;Черешня Бычье сердце;Фрукты;455_Черешня_Бычье_сердце.jpg
456;Черешня Розовый жемчуг;Фрукты;456_Черешня_Розовый_жемчуг.jpg
457;Черри Конфетто Россия;Овощи;457_Черри_Конфетто_Россия.jpg
458;Чиабатта Булка;База;458_Чиабатта_Булка.jpg
459;Чипсы Lay's Из Печи Лисички в сметане;Снеки;459_Чипсы_Lays_Из_Печи_Лисички_в_сметане.jpg
460;Чипсы Lay's Из печи Нежный сыр с зеленью;Снеки;460_Чипсы_Lays_Из_печи_Нежный_сыр_с_зеленью.jpg
461;Чипсы Lay's Из Печи Сметана и ароматные травы;Снеки;461_Чипсы_Lays_Из_Печи_Сметана_и_ароматные_травы.jpg
462;Чипсы Lay's краб;Снеки;462_Чипсы_Lays_краб.jpg
463;Чипсы Lay's с солью;Снеки;463_Чипсы_Lays_с_солью.jpg
464;Чипсы Lay's сметана и лук рифлёные;Снеки;464_Чипсы_Lays_сметана_и_лук_рифлёные.jpg
465;Чипсы Lay's сыр;Снеки;465_Чипсы_Lays_сыр.jpg
466;Чипсы Mojno батат сыр чеддер;Снеки;466_Чипсы_Mojno_батат_сыр_чеддер.jpg
467;Чипсы Pringles Original;Снеки;467_Чипсы_Pringles_Original.jpg
468;Чипсы Pringles Paprika с паприкой;Снеки;468_Чипсы_Pringles_Paprika_с_паприкой.jpg
469;Чипсы Pringles паприка;Снеки;469_Чипсы_Pringles_паприка.jpg
470;Чипсы Pringles сметана-лук;Снеки;470_Чипсы_Pringles_сметана-лук.jpg
471;Чипсы Simply chips сыр пармезан с чесноком и зеленью;Снеки;471_Чипсы_Simply_chips_сыр_пармезан_с_чесноком_и_зеленью.jpg
472;Чипсы Из Лавки с томатом и паприкой;Снеки;472_Чипсы_Из_Лавки_с_томатом_и_паприкой.jpg
473;Чипсы креветочные Nongshim острые;Снеки;473_Чипсы_креветочные_Nongshim_острые.jpg
474;Чипсы Московский картофель сметана и зелень рифлёные;Снеки;474_Чипсы_Московский_картофель_сметана_и_зелень_рифлёные.jpg
475;Чистящее средство Synergetic для окон и зеркал;Товары для дома;475_Чистящее_средство_Synergetic_для_окон_и_зеркал.jpg
476;Чистящее средство Synergetic для сантехники от известкового налёта и ржавчины;Товары для дома;476_Чистящее_средство_Synergetic_для_сантехники_от_известкового_налёта_и_ржавчины.jpg
477;Шарики сырные с моцареллой Азбука Вкуса;Готовая еда;477_Шарики_сырные_с_моцареллой_Азбука_Вкуса.jpg
478;Шаурма с курицей Из Лавки;Готовая еда;478_Шаурма_с_курицей_Из_Лавки.jpg
479;Шницель из курицы со спагетти и кетчупом Из Лавки;Готовая еда;479_Шницель_из_курицы_со_спагетти_и_кетчупом_Из_Лавки.jpg
480;Шоколад Kinder Chocolate с молочной начинкой;Сладости;480_Шоколад_Kinder_Chocolate_с_молочной_начинкой.jpg
481;Шоколад белый пористый Воздушный;Сладости;481_Шоколад_белый_пористый_Воздушный.jpg
482;Шоколад гречишный Фабрика природы с кокосом;Сладости;482_Шоколад_гречишный_Фабрика_природы_с_кокосом.jpg
483;Шоколад молочный Alpen Gold с фундуком;Сладости;483_Шоколад_молочный_Alpen_Gold_с_фундуком.jpg
484;Шоколад молочный Alpen Gold фундук-изюм;Сладости;484_Шоколад_молочный_Alpen_Gold_фундук-изюм.jpg
485;Шоколад молочный Kinder Chocolate Maxi;Сладости;485_Шоколад_молочный_Kinder_Chocolate_Maxi.jpg
486;Шоколад молочный Milka с фундуком;Сладости;486_Шоколад_молочный_Milka_с_фундуком.jpg
487;Шоколад молочный Ritter Sport Extra Nut с цельным лесным орехом;Сладости;487_Шоколад_молочный_Ritter_Sport_Extra_Nut_с_цельным_лесным_орехом.jpg
488;Шоколад молочный Ritter Sport Extra Nut с цельным миндалём;Сладости;488_Шоколад_молочный_Ritter_Sport_Extra_Nut_с_цельным_миндалём.jpg
489;Шоколад молочный Ritter Sport с ромом, изюмом и орехом;Сладости;489_Шоколад_молочный_Ritter_Sport_с_ромом_изюмом_и_орехом.jpg
490;Шоколад молочный Schogetten с фундуком;Сладости;490_Шоколад_молочный_Schogetten_с_фундуком.jpg
491;Шоколад молочный пористый Milka Bubbles;Сладости;491_Шоколад_молочный_пористый_Milka_Bubbles.jpg
492;Шоколад молочный пористый Milka Bubbles с кокосом;Сладости;492_Шоколад_молочный_пористый_Milka_Bubbles_с_кокосом.jpg
493;Шоколад тёмный Lindt Excellence 70%;Сладости;493_Шоколад_тёмный_Lindt_Excellence_70.jpg
494;Шоколад тёмный Lindt Excellence 85% cocoa;Сладости;494_Шоколад_тёмный_Lindt_Excellence_85_cocoa.jpg
495;Шоколад тёмный Lindt Excellence апельсин;Сладости;495_Шоколад_тёмный_Lindt_Excellence_апельсин.jpg
496;Шоколад тёмный Lindt Excellence с кусочками апельсина;Сладости;496_Шоколад_тёмный_Lindt_Excellence_с_кусочками_апельсина.jpg
497;Шоколад тёмный Ritter Sport с начинкой марципан;Сладости;497_Шоколад_тёмный_Ritter_Sport_с_начинкой_марципан.jpg
498;Шоколад тёмный Люкс Бабаевский;Сладости;498_Шоколад_тёмный_Люкс_Бабаевский.jpg
499;Шпинат;Овощи;499_Шпинат.jpg
500;Шримп ролл с креветками Йуми;Готовая еда;500_Шримп_ролл_с_креветками_Йуми.jpg
501;Эвалар Витамин С таблетки шипучие 1000 мг 20 шт;Аптека;501_Эвалар_Витамин_С_таблетки_шипучие_1000_мг_20_шт.jpg
502;Яблоки Богатырь Агроном-сад отборные, 4 шт.;Фрукты;502_Яблоки_Богатырь_Агроном-сад_отборные_4_шт.jpg
503;Яблоки Гала;Фрукты;503_Яблоки_Гала.jpg
504;Яблоки Голден;Фрукты;504_Яблоки_Голден.jpg
505;Яблоки Гренни Смит;Фрукты;505_Яблоки_Гренни_Смит.jpg
506;Яблоки Гренни Смит Отборные Собрано в саду 4 шт.;Фрукты;506_Яблоки_Гренни_Смит_Отборные_Собрано_в_саду_4_шт.jpg
507;Яблоки Криппс Пинк Собрано в саду 4 шт.;Фрукты;507_Яблоки_Криппс_Пинк_Собрано_в_саду_4_шт.jpg
508;Яблоки Хонейкрисп (Медовый хруст);Фрукты;508_Яблоки_Хонейкрисп_Медовый_хруст.jpg
509;Яйцо куриное С1 Из Лавки;База;509_Яйцо_куриное_С1_Из_Лавки.jpg
510;Яйцо куриное СО Из Лавки;База;510_Яйцо_куриное_СО_Из_Лавки.jpg
511;Упаковка;Услуги Лавки;511_Упаковка.png
512;Доставка;Услуги Лавки;512_Доставка.png
